"","marker","tissue","lag_minus_6","lag_minus_5","lag_minus_4","lag_minus_3","lag_minus_2","lag_minus_1","lag_0","lag_plus_1","lag_plus_2","lag_plus_3","lag_plus_4","lag_plus_5","lag_plus_6"
"1","ALDH1A1","telencephalon","0.111732610993272","0.333997807329515","0.302344745958233","0.209269478061835","0.0584798680388566","-0.210821883276175","-0.776487667889131","-0.714894874011885","-0.339009428740601","-0.044634634321234","0.175540987798288","0.495968252872343","0.354491287258529"
"2","ALDH1A1","diencephalon","-0.492652678167762","-0.467784573245886","-0.0730813774868446","0.342825264692323","0.750924074115199","0.898943317993281","0.507725320229819","-0.0775175432896038","-0.335158955351295","-0.389236209983083","-0.318494307003575","-0.111866947041441","-0.0049498737080551"
"3","ALDH1A1","midbrain","-0.461934344803996","-0.200842835783201","0.0494465965774308","0.239506637246846","0.539697384453497","0.713448924206852","0.444014000477288","-0.0234926595435061","-0.336921686291128","-0.247270321144089","-0.28255737053778","-0.158949057310182","-0.0303080606799285"
"4","ALDH1A1","hindbrain","0.0951183855171436","0.240618439627698","-0.158121109081075","-0.287049579531428","-0.603397500707987","-0.103879729153681","0.103292419355128","0.247931065859652","0.355547501467315","0.195764519907365","-0.130941275317338","-0.156350337499501","0.00661651484695142"
"5","BLBP","telencephalon","0.138854632084145","0.0346053232196503","-0.224927382441479","-0.134489445162981","-0.17656137488707","0.206323122613922","-0.0640907107393333","0.0831198947650906","-0.214198419882527","-0.182732803664247","-0.206450063597677","0.175507483237228","0.134896150365704"
"6","BLBP","diencephalon","0.173507995146923","0.226327404456838","0.0440261857332006","-0.123660510622227","-0.221457459281066","-0.0241618837174812","-0.249066714200886","-0.0827200019087319","-0.0841460801537453","0.00199019459641037","-0.182924832451889","0.178972278711699","0.0699027220319604"
"7","BLBP","midbrain","0.234877334492962","0.100326273611937","0.0535175711174085","-0.158809916555183","-0.189381929646984","-0.3244890379962","-0.380989102677062","0.159423543903335","0.220794557583039","-0.0388179255390921","-0.122942337805104","-0.237473173781021","0.301364976180064"
"8","BLBP","hindbrain","0.300228606994876","0.265434256927553","0.186066663235122","-0.0910844763057615","-0.516054144679764","-0.375400627130899","-0.434689441637872","-0.249456653577235","0.0183452345220209","0.213375718854966","0.067021664186784","0.259999151803186","0.0331551293962881"
"9","CD11b","telencephalon","-0.327885102443235","-0.345546689862641","-0.305283517009726","-0.0878081554690888","0.224214438976935","0.65870740733678","0.911264612991687","0.479123914312196","0.292881665760618","0.0604983717870929","-0.399844424072246","-0.465134880518189","-0.304456442672568"
"10","CD11b","diencephalon","-0.379405703060971","-0.473290415756541","-0.188094795758387","0.0348559797057323","0.254301990127946","0.654578348947808","0.901493904857847","0.606088369609486","0.173243036966714","-0.182727587489693","-0.21407464469054","-0.331573335843801","-0.394066193966614"
"11","CD11b","midbrain","-0.294688841170598","-0.27602120379201","-0.216778453122897","-0.0935828167566558","-0.0254404434849829","0.45854903116708","0.955285694552117","0.615634370161551","0.130032841236203","-0.177939175789384","-0.184502070489908","-0.222230108980854","-0.366739592005641"
"12","CD11b","hindbrain","0.0483164402723849","-0.124011312899612","-0.18282058388772","-0.319366541050388","-0.307276301875898","0.107358333298776","0.309972959942622","0.484502652518022","0.616775285698592","0.294234281430693","0.168004673282689","-0.204655920423501","-0.546433649454171"
"13","CD45","telencephalon","-0.432613630954721","-0.460382384195945","-0.212718339336416","0.187616207678057","0.461855994889156","0.724235910253888","0.807799759178797","0.311989282386905","0.0415886243749438","-0.164530758863158","-0.43826483183864","-0.267313137591974","-0.173526621336356"
"14","CD45","diencephalon","-0.0520529159429129","0.167680855756669","0.192148914741077","-0.0123877497689275","-0.28566496675288","-0.29944797124138","0.0865594638238245","-0.0534889795130434","0.192314166279408","0.388519741333605","0.0437392459039831","0.0769566977086309","-0.122386710453521"
"15","CD45","midbrain","-0.134047701332633","-0.111078669222926","-0.159160158964477","-0.179975879257796","0.0238056092750659","0.211967572169975","0.423660632181019","0.159029442586674","0.299265661628855","0.380214959688344","-0.0646430302051356","-0.237310244793629","-0.186584523088385"
"16","CD45","hindbrain","-0.0340515992535401","0.139685061343546","0.167487727187961","-0.143503800092751","-0.277572215975911","-0.418938526506694","0.126504609467926","0.193034833120855","0.0326129556532831","0.362153402989645","0.217419662455744","-0.0611851820794166","-0.166870395227191"
"17","Ctip2","telencephalon","0.0717466454210463","0.0590741211940119","-0.422835398611511","-0.533496941960989","-0.0464949992041848","0.146064621324104","0.198142413301457","0.657901642061365","0.733273403990636","0.0370482988168924","-0.214595737185154","-0.251620748211573","-0.227290909159884"
"18","Ctip2","diencephalon","0.132348917114576","0.541907828428963","0.371572382565936","-0.303257845019834","-0.844191733457203","-0.496390616311007","-0.215312336379248","0.177955702654121","0.426086991663452","0.31822442494554","0.074108337048653","-0.034686608557915","-0.0227181739180659"
"19","Ctip2","midbrain","0.0239791680741945","0.302696091245141","0.0811122595238017","0.37570845153298","0.249542159706115","-0.287002506362729","-0.572327226186684","-0.116840966116752","-0.0440619726237538","0.0985569376821603","0.066961637798278","0.108115386240051","0.0303666817838608"
"20","Ctip2","hindbrain","0.150606894060632","-0.179712565769751","-0.194242371881346","0.300070030751665","0.419315097616719","0.385650267392388","-0.283040365606644","-0.565032882508209","-0.461369000511512","-0.125028962257947","0.122665010611543","0.14632818029602","0.229185897844228"
"21","Cux1","telencephalon","-0.027713570822395","0.0602674463964638","0.262918867670584","0.288151876509353","0.228367979574624","-0.39122333893955","-0.719655157764256","-0.576813966804412","-0.116635090686636","0.623018035725323","0.549925056158712","0.26390766729432","-0.166072145837294"
"22","Cux1","diencephalon","-0.196283005778154","-0.189586109080183","0.188115081337782","0.406141684320709","0.407697292557019","-0.0150038905905293","-0.224028407113048","-0.458528448815529","-0.0766532526514171","0.425404309216372","-0.287443533246875","-0.0608077415927805","0.206543080401265"
"23","Cux1","midbrain","-0.265056062653289","0.130432254822989","0.194193955718573","0.294810294078029","-0.0727096308192952","-0.614440656991856","0.592695955894694","-0.306408563891794","0.105881014092365","0.0568394549230157","-0.255120064949512","0.256162441467786","-0.104514013189101"
"24","Cux1","hindbrain","-0.324755968211976","-0.224384299438235","-0.210871822835652","-0.0145777611590459","0.540842930690082","0.713739629314172","0.593393761290488","0.204939698624502","-0.350179468811449","-0.517155655227803","-0.375139381926053","-0.0901692297334945","0.0943474082594837"
"25","Dcx","telencephalon","0.414760072921424","0.457629222496845","0.168437655614578","-0.214450697564349","-0.645072096186888","-0.794529412056919","-0.461225237867859","-0.124006473063552","0.289710643941555","0.277913571223065","0.321188164195847","0.139576268385019","0.046289467405694"
"26","Dcx","diencephalon","0.391389311753574","0.546981657412647","0.285841538673254","-0.224569453364306","-0.655067932399732","-0.772106591392904","-0.534760971785033","-0.26960617934738","0.202413231505418","0.277309623343301","0.337103256922996","0.172433079121326","0.110157704255583"
"27","Dcx","midbrain","-0.216330179563165","0.134487523495208","0.0462897591774498","0.418777558190023","0.425389854372042","0.0277015668059179","-0.298839764710521","-0.549797885837914","-0.495667066276743","-0.136132779983381","0.129098181791503","0.248802564890937","0.220629332521517"
"28","Dcx","hindbrain","-0.119489531835372","-0.0811851441263377","0.291405516862251","-0.137747225340641","0.257730038343616","-0.0168293682765612","0.169506046877658","-0.338922842231407","-0.0901835525348977","-0.14383876099199","0.057243643909148","0.049145885128464","0.0778854507868851"
"29","F4","telencephalon","-0.0983958062932196","-0.22281071373031","-0.411297018501629","-0.390400203239665","0.0432082816481619","0.421139113899368","0.782577066460395","0.42404564179515","0.343265791714789","0.141772508503251","-0.186065244156131","-0.354530624975825","-0.266848804225781"
"30","F4","diencephalon","0.375255261720973","0.431863046706952","0.02909703666613","-0.533782292787188","-0.481609562726948","-0.442712723486444","-0.181568636935649","-0.255559039391399","0.158127271807659","0.402270432785539","0.221392551985032","0.0465916903982622","0.109637728423152"
"31","F4","midbrain","0.198101165110917","0.223153985498764","0.112529889066832","-0.075207621750402","-0.234833116333417","-0.536915632161023","-0.629344945531203","-0.298351065690078","0.261135658758642","0.65196952740473","0.570090847933887","0.131010433088772","-0.268315278173366"
"32","F4","hindbrain","0.148728947894058","0.322451393222865","0.271862700262861","-0.0898712438832879","-0.452564137941931","-0.735293877222734","-0.144822117164659","-0.00207749815465583","-0.131085624388209","0.166293186804406","0.42038389481755","0.159073882671217","0.0221157649669338"
"33","GAD65","telencephalon","0.408623346951043","0.47361197440005","0.00709231942827925","-0.541954054278457","-0.758340296036966","-0.592751169809969","-0.224314048881233","0.277780452775083","0.481848837543025","0.333801727713941","0.170206724642541","0.0151132320707854","-0.103444823542924"
"34","GAD65","diencephalon","0.410938817567908","0.584039269803822","0.322162728487098","-0.197157676854008","-0.683568276628843","-0.848805586421555","-0.70547132318256","-0.23887634058517","0.142079635708906","0.350978754471501","0.371473794367309","0.243998521244195","0.0889878299910662"
"35","GAD65","midbrain","0.230969786077124","0.352587895535852","0.41442262737089","0.22583769754313","-0.145632681174571","-0.709758075679227","-0.838238357544417","-0.333357293987548","0.023905959037743","0.146953622685861","0.227738150495351","0.215298916767453","0.195198382013932"
"36","GAD65","hindbrain","0.154638060435455","0.239868991091974","0.123949300402041","0.23137280718698","0.300775376966729","-0.0616822352541878","-0.655945841189511","-0.816559873684719","-0.59032408845769","-0.12960611240127","0.222984943291797","0.388626988066555","0.36282269355456"
"37","GFAP","telencephalon","-0.197291205085623","-0.240044076885275","-0.245874389495113","-0.212925165943246","-0.0833418130747835","0.186254889863556","0.815305670230797","0.618238558900508","0.424801870765515","0.199525557098481","-0.0458502941610237","-0.287037626102381","-0.409606187111754"
"38","GFAP","diencephalon","-0.197775893862863","-0.168933795456733","-0.237602187155728","-0.182559939659712","-0.0638147254286926","0.184113903471975","0.720932855667185","0.591892264412404","0.144702743075221","0.422621695087887","-0.166878771956619","-0.280271653360534","-0.352018150774297"
"39","GFAP","midbrain","-0.0297767986598517","-0.11259106738681","-0.191771299228736","-0.178997470412331","-0.236563087216574","-0.0258192781732925","0.130936502052098","0.426873512851706","0.695227516535325","0.295300842315959","0.323582415074247","-0.101959388128023","-0.669409043072767"
"40","GFAP","hindbrain","-0.0320338886602044","-0.0967588805756007","-0.152690436675387","-0.19881718816654","-0.232213501607119","-0.0912383030099863","0.116675569549399","0.322877941004939","0.515333440148867","0.497819365313952","0.394354892557773","0.108610087019827","-0.618438282273805"
"41","GLAST","telencephalon","-0.0244891794430314","-0.218502575992841","-0.38914529175198","-0.431297317864599","-0.0484445366054744","0.213950726085796","0.632837932053533","0.658512864691069","0.583470406079019","0.209274456895109","-0.181721179209488","-0.453637533188106","-0.26946622451775"
"42","GLAST","diencephalon","0.347915957652121","0.352981024146074","0.0418359610395627","-0.363985920125586","-0.496427665140446","-0.588889992353238","-0.32230270094664","-0.0602395380387395","0.359007855899582","0.498890020617935","0.286929354795934","0.00288133663035513","-0.010004205643968"
"43","GLAST","midbrain","0.253444336651257","0.311764826531846","0.212757377078411","-0.0472398761727052","-0.202666849150275","-0.569513581302242","-0.734698689126579","-0.51220350280395","0.0276252178341458","0.57158997257827","0.438845185752051","0.241078732125702","-0.028308830886325"
"44","GLAST","hindbrain","0.132263850711615","0.339957557635198","0.433659365498746","0.0906450186218009","-0.142486195313897","-0.569392250262162","-0.695742419883557","-0.513673480012269","-0.35803754872528","0.0791501955743976","0.448053102615622","0.286213179200916","0.297166368017404"
"45","Ki67","telencephalon","-0.154460950320765","-0.469655657387795","-0.40498342328389","-0.146617412997393","0.0652404529873719","0.316000407134558","0.780836832797464","0.734216111570857","0.235968285566672","0.110343770869031","-0.182158346779003","-0.36784728696701","-0.280513181369061"
"46","Ki67","diencephalon","-0.19379424053706","-0.523592304235717","-0.406839750270241","-0.0561041990059893","0.234488694745173","0.437311886344242","0.824474150952573","0.56219341835037","0.0350304634911944","-0.0526057604806774","-0.252897082608038","-0.278022332253911","-0.188047980972353"
"47","Ki67","midbrain","0.132076866329144","0.0449225871160039","0.298047610664765","-0.0266729489658887","-0.436199606679943","-0.0636762511601705","-0.521677307262591","-0.250108957928666","0.419241216064448","-0.103277683466023","0.369165809785739","0.0434364705219043","-0.156399140178037"
"48","Ki67","hindbrain","0.377306081064179","-0.137374313217907","-0.553841094259442","-0.468101075925299","-0.180078536243573","-0.0455564810217471","0.288726449906505","0.421585544862925","0.4586542443767","0.140512696930327","-0.0146638004316124","-0.11826532823279","-0.169614906513727"
"49","MAP2","telencephalon","-0.23756047985216","-0.455194629507564","-0.497164314893034","0.00505116341464531","0.405518933476742","0.721402321831242","0.585112689148834","0.566345306393449","0.0982507542719315","-0.276306104779125","-0.336543749221897","-0.242427909453242","-0.215254833576149"
"50","MAP2","diencephalon","-0.0177198030617205","-0.159948610377132","-0.389343426588812","-0.127560598610887","0.0704414497162301","0.248323138217205","0.140844934077558","0.572714456377682","0.236283276795221","-0.0890916358687242","-0.144296688913582","-0.114508637878327","-0.208378394966"
"51","MAP2","midbrain","0.00701701103692135","0.267748330684696","0.304464704557705","0.110918071382153","0.0905252416436648","-0.0696905759440789","-0.00481843082839718","-0.294697230398033","-0.5007876630233","-0.548411515766685","-0.0952437783930716","0.369180357154539","0.443580484534638"
"52","MAP2","hindbrain","0.120010733106142","0.370318980197823","0.26926785161918","0.186591728486657","-0.0348192117160933","-0.212346352632297","-0.49275557047214","-0.832849510763387","-0.59483718704631","0.102476448065216","0.308048143956478","0.366245057783201","0.301452642555133"
"53","MCAM","telencephalon","0.39042017468289","0.450157630220321","0.0589922611024981","-0.282170553801655","-0.331437249619968","-0.54905275158422","-0.602116048438252","-0.466469239861767","-0.156560060347576","0.336547946226775","0.274804740873584","0.25773939672648","0.296209476425972"
"54","MCAM","diencephalon","0.229476698677607","0.336717961719551","0.14403158866909","0.0625698397501335","-0.0338522608901948","-0.358017299113143","-0.739865889964148","-0.713245798715972","-0.310182310517723","0.231768462833407","0.279214288627638","0.313729742632759","0.347335184081398"
"55","MCAM","midbrain","0.208422368109655","0.248613928149606","0.256176710197989","0.210109652702387","0.0872853368150951","-0.353788050029061","-0.704945249913423","-0.548726364931168","-0.400634653539352","-0.35895511194888","0.0102272649591942","0.294632679757446","0.6601094023125"
"56","MCAM","hindbrain","0.258320978925374","0.333181265025182","0.0644556604689854","-0.0214341689174353","-0.0615275165880703","-0.346585382786794","-0.672836306111772","-0.622054871550969","-0.35013943661119","0.227306391255979","0.294648726961001","0.288503923356006","0.355766860112022"
"57","N_Cadherin","telencephalon","0.316679678729738","0.434796728303719","0.207637620802259","0.0363288819082011","-0.238387017297291","-0.773554485942399","-0.702343959399025","-0.420125188429581","-0.0788854302482864","0.353332729232901","0.345404280707976","0.289363025412562","0.122917497771047"
"58","N_Cadherin","diencephalon","0.570735016567862","0.539558948249739","-0.0323693431044604","-0.407753517153026","-0.709765816961505","-0.707092530713594","-0.414384001495975","-0.0900921113228002","0.162988150252197","0.325652857663412","0.265923896015541","0.202269443149934","0.0855819199242147"
"59","N_Cadherin","midbrain","0.628965847987062","0.247985114441204","-0.0908883935352543","0.0804892872764836","-0.486216669300066","-0.585255790159421","-0.425384950312984","-0.246093229035607","0.107212989649207","0.13391906619625","0.162155495956057","0.251638386186717","0.132423201595051"
"60","N_Cadherin","hindbrain","0.458376569840209","0.478372595715303","0.047868948576167","-0.11803949228125","-0.419039266396483","-0.506769130367999","-0.561038676540341","-0.518273078388704","-0.129976680191873","0.277809319453689","0.357360906375951","0.353785359962541","0.150767739768818"
"61","Nestin","telencephalon","-0.105311119796771","0.290923945115516","0.447330329961305","0.335068028096206","-0.580866967188147","-0.0365142573319357","0.12264020292835","0.0281932011359987","-0.122878350322519","-0.0836483262850003","-0.0194627633745139","0.130743786193716","-0.0764446909431828"
"62","Nestin","diencephalon","-0.303421034448327","0.169862784185015","0.518902076646443","0.602474998214109","-0.435143150233464","-0.196299089265505","-0.0134380527531189","0.0859536515439961","-0.0848646382089115","-0.104998539587437","-0.0767006313717795","0.120414348558813","-0.0405392463246102"
"63","Nestin","midbrain","-0.392206086311009","0.0189714848116766","0.448473435044504","0.720409543831118","0.481012633546748","-0.0723475063558747","-0.505615865077804","-0.455976318332489","-0.211843057933777","-0.0440632440137045","-0.0358372445362942","0.130728045268066","0.0628885021949469"
"64","Nestin","hindbrain","-0.382032888676566","-0.152518794311528","-0.104544151780096","0.524345751732169","0.675414313835938","0.386758993581419","0.194246402025848","-0.134862326802339","-0.101976363112832","-0.138235043695408","-0.224616494959303","-0.100783858770647","-0.0869596073933092"
"65","NeuN","telencephalon","-0.100383830926599","-0.242545592219207","-0.225003100159413","-0.117937767605532","0.422314979476737","0.309335932344007","-0.10154569794102","0.276872908415676","0.241961087016311","0.117064251709038","-0.141445143564614","-0.478424751850807","-0.101614911137767"
"66","NeuN","diencephalon","-0.0336034382259751","-0.0247416261023445","0.0378627108885171","-0.16699350193346","-0.0520460608418596","-0.0439790413084471","-0.240852649201867","0.453499992933028","0.473265260559806","0.144113199605849","-0.0628559423737457","-0.494237523452517","-0.102304445029965"
"67","NeuN","midbrain","0.149028850512227","0.150308698099457","0.171735668127699","0.552567169873874","0.152912430520876","-0.0295717785681571","-0.310281552163224","-0.176736727385596","-0.204443523024271","0.0246345232870567","0.0589922825758284","0.00706365505234165","0.076070885081859"
"68","NeuN","hindbrain","-0.291358384819045","0.118232602099136","0.329197247608094","-0.14010204459363","0.136863689617333","0.33136559674152","-0.00995012195025777","-0.34330819053764","-0.428237253078629","0.145830884382053","0.366470240980835","0.0829732889101215","-0.118348277715487"
"69","NeuroD1","telencephalon","0.140929151653715","0.0156662440944507","-0.195659981206251","-0.134410074709479","0.0896898652678668","-0.0672718719622858","-0.530175831113069","-0.00134771885191659","0.257098380285792","0.263260391813963","0.127356251687447","-0.45332952972112","0.307699146875528"
"70","NeuroD1","diencephalon","-0.188693425531314","-0.1326155722285","-0.201911899366485","0.0447068756740005","0.160407762966863","0.146224406239674","0.108723175957829","0.469493893828432","0.0650202920131845","0.291863404164632","-0.36807281200619","-0.438737957218393","0.204510432505167"
"71","NeuroD1","midbrain","-0.0135919387533027","0.0462957462326638","0.137920326467909","0.157005384273196","0.0617354802073627","-0.637506100170139","-0.114773030751997","-0.0670633379183078","0.436311919896246","-0.0388286275980753","-0.243722372772434","0.47743722784716","-0.263344810364819"
"72","NeuroD1","hindbrain","0.0589691893264874","0.180183540582479","-0.0794971532245628","-0.0084753913055564","-0.0851468183271007","-0.212855892810064","-0.632632042558875","0.117518323337389","-0.12588208366514","0.167682142265431","0.448694884658938","-0.0220038057510233","0.171021003254895"
"73","Olig2","telencephalon","0.286863605951003","0.307678472980105","0.16943550943324","-0.126044805603423","-0.157217368714694","-0.493123591997172","-0.689236496991693","-0.430222305726216","-0.0201901077745576","0.216038827958336","0.342738006304846","-0.0207593400718633","0.316263232102006"
"74","Olig2","diencephalon","0.167068430976468","0.205368700614993","0.105980959035949","-0.0766010015193701","0.0481838284927846","-0.276079640478974","-0.44329473420114","-0.331475378373957","-0.094201087548565","0.0494557546936554","0.0872796280407487","-0.179517505423098","0.446425225157006"
"75","Olig2","midbrain","0.134048074329633","0.236630429245313","0.311637234342649","0.212738668850822","0.175997377527801","-0.292179794795829","-0.576592530614115","-0.622860452131018","-0.631806178827185","-0.147824093784509","-0.0732779980983567","0.378428420136945","0.622671737013701"
"76","Olig2","hindbrain","0.253101921784197","0.31306493708773","0.188467957090258","0.044521174642251","-0.0672352448771413","-0.463724614209928","-0.769081766345298","-0.454572285111723","-0.187225848508635","-0.000835619967808127","0.125556018137357","0.0969938238335751","0.521139935295998"
"77","p75NTR","telencephalon","-0.251666417188423","-0.0984159526797809","0.376966792395217","0.623703758235953","-0.0231714986027668","0.0623055255166829","0.167898074128294","-0.0925233187311971","-0.244608982458577","-0.181442985108225","0.0700619678934233","0.0432752266644119","-0.0606495835752926"
"78","p75NTR","diencephalon","-0.121557724506853","-0.210176291352631","-0.242630328099472","0.0291039648522906","-0.129013072045516","0.42164114477193","0.823445357255643","0.411351922139487","0.151484781536279","-0.00299383404944505","-0.104801321902534","-0.299410082789549","-0.355869089624712"
"79","p75NTR","midbrain","-0.490657951009374","-0.08891267329817","0.232911482956124","0.189518230284996","0.319792838251893","0.320041322176686","0.587925528378067","0.297908461238365","-0.0290962469321156","-0.297638764656008","-0.15528714346953","-0.100412374672474","-0.127276388609997"
"80","p75NTR","hindbrain","-0.221121813825428","0.16922059575354","0.352731080145533","0.144543248233428","-0.134147850139862","-0.224918773904286","-0.346376474495856","-0.324303648941359","-0.325163678576908","-0.0083330600469934","0.319135124899701","0.237381014709711","0.142722905213175"
"81","Pax6","telencephalon","0.226011801381233","0.382632205166507","0.417052030454388","0.214239045213623","-0.107251163793079","-0.486695722136565","-0.857073573316431","-0.718728103471178","-0.524990094256561","-0.0782833576997194","0.352470592043243","0.411555162128512","0.443059823577535"
"82","Pax6","diencephalon","-0.323362759081892","-0.403864229511008","-0.309594486740774","-0.128051957499765","0.137548609266974","0.434486727356466","0.841590602530518","0.750167339826155","0.421783100636767","0.00874975621490675","-0.176886624399099","-0.296987336396551","-0.422398206426774"
"83","Pax6","midbrain","0.188390439744824","0.0422812938443578","-0.273270327384101","-0.347044143579898","-0.277514988502544","0.351727460231338","0.547747386632101","0.0353930898912792","-0.0954744525919377","-0.187723824260598","-0.184366716339866","0.187890235573377","-0.0392847745995494"
"84","Pax6","hindbrain","-0.149196875492341","-0.247327677661159","-0.345265311209685","-0.325570331882878","-0.00750965699453006","0.310677974030798","0.708295449469502","0.768439117977461","0.527187741385544","-0.00196317183777006","-0.309721580842914","-0.489343579997543","-0.192344657883608"
"85","PDGFRa","telencephalon","0.210265842006192","0.303089590366989","0.273128766618718","0.119568586989447","0.0313880291963548","-0.196067959756979","-0.676896976220482","-0.67370856357409","-0.460743250296938","-0.165037192166426","0.0823508583256868","0.119863293987599","0.471968122591969"
"86","PDGFRa","diencephalon","-0.390895081577031","-0.302098382304813","-0.168666141122963","0.0785891456355328","0.420879431470734","0.660696547048101","0.637697037779666","0.360978496514904","-0.199578147608657","-0.165849295422345","-0.421025822704667","-0.357775517406537","-0.0533317948633823"
"87","PDGFRa","midbrain","-0.0382433982179327","-0.048706349845941","-0.109509830773957","-0.115111154103371","-0.0192770755960866","0.13688344277103","0.11453971605131","0.225872596787141","0.426430423146131","-0.26551745102318","-0.0609696536418444","-0.0799880843301892","-0.158195177807092"
"88","PDGFRa","hindbrain","0.220524077183031","0.121501650966043","-0.175620983404933","-0.414108798891856","-0.472389762167759","-0.281216631832188","-0.030324351174685","0.330475883596388","0.664570009495461","0.516102416670458","0.14529332714132","-0.154671263243573","-0.375904534987011"
"89","PDGFRb","telencephalon","0.231420831262437","0.334337583910629","0.308192708432316","0.0986494336051334","-0.0909115289801478","-0.608570922484116","-0.805760117575927","-0.636688408968574","-0.143978471184634","0.159120808708624","0.429793425739112","0.414220414511518","0.17333876831987"
"90","PDGFRb","diencephalon","0.00452721213689778","0.194017509868535","0.337325813434783","0.218017920739893","0.119948272058328","-0.389973897701213","-0.636830255226745","-0.600114597398322","-0.1306887841061","0.0844114243846019","0.335632140024474","0.310034156312578","0.112868069533962"
"91","PDGFRb","midbrain","0.142098516113518","0.247959139318081","0.312982975199455","0.172541993579092","0.0840906768303362","-0.264090067638504","-0.611431749303802","-0.605024131342825","-0.57908308871448","-0.0677814094708636","0.178710431126967","0.279530483705819","0.560218700096587"
"92","PDGFRb","hindbrain","0.0111607341429394","0.0965254407125886","0.106903784774232","-0.163477616738911","-0.353201311367073","-0.288020586987506","0.0292505063834787","0.105302039293646","0.400282657306466","0.176969667084646","-0.017371501217476","-0.108381605789909","-0.0835109470981689"
"93","PECAM1","telencephalon","0.319169528637779","0.276072890507519","-0.0437722190847746","-0.567999875612375","-0.384945684078219","-0.46514314454115","-0.0354589364825744","0.154958358687446","0.126874298879772","0.43586769211987","-0.0899135090254036","0.0283283315686863","0.0286743787787565"
"94","PECAM1","diencephalon","0.1313857542948","0.153974641687002","0.0613602698240638","-0.0916750848967354","0.168746117334464","-0.269052919112484","-0.250374115576532","-0.420226449720054","-0.332435866486821","0.19376394657663","-0.139703219897907","0.308989302664813","0.292223349813474"
"95","PECAM1","midbrain","0.211034248657935","0.198140414464188","0.164405820320733","0.14370295607818","0.153574841898972","-0.175523696238201","-0.675510369103007","-0.570609595484213","-0.196686270217742","-0.209184396762479","-0.296987377451558","0.119215787929866","0.658876589223891"
"96","PECAM1","hindbrain","-0.0250837396538749","-0.205255039069755","-0.494855293668431","-0.4814852587294","0.0853195298209839","0.233657204792177","0.772758942724827","0.597266473928204","0.281122690249882","0.00354483431348699","-0.41669708402389","-0.227337413993255","-0.216417644730713"
"97","Prominin","telencephalon","-0.0933064377296914","-0.211194969998567","-0.225535437968852","-0.0814404008146961","-0.0205879720003497","0.407505318872438","0.939575453061586","0.246746350134827","-0.204238886585742","-0.388458637464721","-0.246269491582429","-0.230532753034048","-0.0135251231655473"
"98","Prominin","diencephalon","0.34042844773324","-0.0927984091250457","-0.461137519729622","-0.571745400404763","-0.452095232885851","0.104048835559482","0.81242450014425","0.468325553684828","0.0635857366250547","-0.165704490127864","-0.163446521195159","-0.191601058039219","-0.0309222738883157"
"99","Prominin","midbrain","0.153725612599978","-0.222714019154372","-0.401485037656208","-0.385322699888466","-0.351560165274915","0.117626090870128","0.856804720211646","0.56669998335149","0.0386746328052578","-0.135216685661621","-0.117398388569112","-0.257538969589282","-0.0386289276082436"
"100","Prominin","hindbrain","0.477848881472372","0.20391466020602","-0.156787184609968","-0.205069463827624","-0.422583882565377","-0.811238165416772","-0.156784731426752","0.381631403414243","0.263626224006046","0.151711973534716","0.14887245523937","0.0342798711425403","-0.0430233427933405"
"101","Sox1","telencephalon","-0.0298655630123171","0.0361647993738903","-0.0230799529314567","-0.0426018526342877","0.323884941702169","0.208350245930375","0.164523368065814","0.133144787966479","-0.417507098640754","-0.699377835376461","-0.262907459764434","-0.148196458688884","0.408111482811049"
"102","Sox1","diencephalon","-0.114750062807461","-0.134259463088935","-0.403959870738505","-0.378727301439947","0.0701498953952156","0.462133774013319","0.858046957637045","0.682256189494522","0.181418363165758","-0.078277994791742","-0.310792201229584","-0.380414097486669","-0.205403134593822"
"103","Sox1","midbrain","0.679156573143842","0.138928126999901","-0.344297795223591","-0.399338373899711","-0.610872501031793","-0.241014489664111","-0.2383105400172","-0.0566022885628302","0.302267861309526","0.200181963234839","0.188252747820531","0.0835876401259824","0.00872743897520526"
"104","Sox1","hindbrain","-0.0711464049779042","0.0534023969877448","0.540905348468695","0.434251141110117","-0.132614522714651","-0.580630740897059","-0.807379092340912","-0.323684735634287","0.289677720559401","0.340339115272827","0.20382895651511","0.083789406658331","0.00463743842582457"
"105","Sox10","telencephalon","0.378783693005404","0.50513240420219","0.308372527904553","-0.00394987654496409","-0.363470726691734","-0.676701131731615","-0.867744077539295","-0.682529433013678","-0.172105780823104","0.143432662751118","0.355150606277731","0.356402073959355","0.337257393840022"
"106","Sox10","diencephalon","-0.298238055739067","-0.165566236973522","0.189250212862233","0.502554381425407","0.578204705714892","0.308929373984758","-0.130247694398669","-0.426242612033268","-0.452805933663619","-0.369224585541976","-0.117422997263006","0.0825809322044138","0.274846658223921"
"107","Sox10","midbrain","-0.179760812380885","-0.0956979265017249","0.0127713009002021","0.177579547880459","0.387145012066447","0.468406389447606","0.412296593149236","-0.187081710259309","-0.653737681246219","-0.496644610510302","-0.311998341116365","-0.0161108492272801","0.399890762005018"
"108","Sox10","hindbrain","0.0644316477311887","0.070573329639995","-0.0232008856647372","-0.350568023936774","-0.159001947920801","-0.0363281477724188","0.244504071069567","-0.0502736659830535","0.294613527274842","-0.00917608342566178","0.176058296835086","-0.276389301640826","0.0104437388247458"
"109","Sox2","telencephalon","0.0486382099589985","0.136893116390379","0.224802009920158","0.281184746999459","0.293996370249792","0.0925532767558582","-0.341002293045933","-0.674247395366805","-0.700055334910026","-0.399922669442245","-0.15819661227943","0.183310290904776","0.631047581598251"
"110","Sox2","diencephalon","-0.0784969024401364","-0.0612481575311066","-0.0209292223011772","0.0514498284971042","0.256333779843199","0.44839117110538","0.233637404176604","-0.193515529056822","-0.441153353143495","-0.236103458934083","-0.282942540247366","-0.239357939341924","0.34459795733603"
"111","Sox2","midbrain","0.375351148066053","-0.223864339547759","-0.456214011291183","-0.421300413641498","-0.433234602882577","0.275488603503183","0.717866260576929","0.566062840241998","-0.0322240855511518","-0.247450061364855","-0.275046443660769","-0.182319030712004","0.103025867337166"
"112","Sox2","hindbrain","-0.247339938321765","-0.167478246003747","0.512076722216581","0.535757026483186","0.410059437784922","-0.336070298110918","-0.702875648024827","-0.272188181961226","-0.092680181751274","0.118362058314425","0.110626268864634","-0.023222136363237","0.102439454140128"
"113","SSEA_1","telencephalon","-0.149176164946393","-0.254440717192066","0.273500939652205","0.525678418829335","0.251388418518223","0.359617590807513","-0.346945684497084","-0.11204801690804","-0.259373148419254","-0.0669542480049525","0.0359561978762991","0.0470278205403301","-0.0263722439005498"
"114","SSEA_1","diencephalon","0.145782109934941","0.119708389464522","0.384237479380571","0.210069739114874","-0.344936914919478","-0.225394371022788","-0.708590719922327","-0.0416781150309371","-0.0326763936794439","0.230490067854635","0.22645767559735","0.121064876108126","-0.00993514146920172"
"115","SSEA_1","midbrain","0.0785541065835805","-0.0273554696033977","-0.00845808521212997","0.0119521729051384","0.122584699905609","0.231154900182237","-0.212744668143601","-0.090944640898822","-0.10887603535714","0.27502932076217","-0.175711439566763","-0.653497270004614","0.301037365634717"
"116","SSEA_1","hindbrain","0.138502405042471","-0.409304974873639","-0.00493100345405963","-0.0742989322027354","0.00269572217359047","0.591085390227528","-0.14161342018038","0.386358601498317","0.336948053862509","-0.0134186208447126","-0.160803829218165","-0.270752526667205","-0.160717171549185"
"117","Tbr1","telencephalon","0.250757507483054","0.242400020296455","-0.119564908708036","-0.408664845235798","-0.184028088839262","-0.037880161794808","-0.0898786052500319","-0.435817025702713","0.00751435054251475","0.495801743042256","0.275098807626671","-0.190524692488613","-0.0284075664344026"
"118","Tbr1","diencephalon","0.00262248067386209","-0.017457696175369","0.0221654781292345","0.0772298999033746","0.322934275026791","0.0198345123397852","-0.313045561259326","-0.714673580159334","-0.0519455490247679","0.518459991910687","0.291426245874125","-0.227677758722846","-0.0355169882599606"
"119","Tbr1","midbrain","-0.0710633331662046","0.0113266156234961","-0.265407662901796","-0.412103671123444","-0.281718863789858","0.503409562770935","0.621885995267115","0.597586885167255","0.000866476671033416","-0.0480555145601657","-0.113765628928466","-0.221059060434352","-0.174603747041605"
"120","Tbr1","hindbrain","-0.643634538188441","-0.258240609058432","0.373803842189715","0.603662158990849","0.593178685887596","0.222418734665767","-0.0651045392112607","-0.0998804588946903","-0.206757667579125","-0.190539077129901","-0.1247779595891","-0.0340742422843155","0.0119268730836214"
"121","Tbr2","telencephalon","0.207024966965505","0.20137284401246","0.1370398890891","-0.0904327166422853","-0.0919698345885307","-0.273013288889053","-0.691857449049004","-0.289982580916495","-0.0114657495458279","0.182827341460789","0.452725237477203","-0.240866672063477","0.280405390567563"
"122","Tbr2","diencephalon","0.0448789396580135","0.0167288573886822","-0.0531545055402422","-0.206350624523294","-0.0291848844368771","-0.0848973956377458","-0.172710033255795","0.183614776215421","0.195821532933704","0.278625534848683","0.320231419290425","-0.611088521602199","0.142360459798969"
"123","Tbr2","midbrain","0.048361154676389","0.191264788386576","-0.298540974674751","-0.314842183304995","-0.14923948072221","-0.0277052026669325","0.916856240487247","0.0776242704963038","-0.192734093816013","-0.173093043610188","-0.249829169755382","0.316035187488019","-0.0698073064171525"
"124","Tbr2","hindbrain","-0.367768681503522","0.101034813521071","0.31281832320354","0.323240646941516","0.244237327380268","-0.243638972393496","-0.0725952343607766","-0.187700940520848","-0.261769000456534","-0.106557145432397","-0.00421864541078518","-0.20621611311931","0.309599349638942"
"125","TrkB","telencephalon","0.0543122838178285","0.0523399016296986","-0.26051016538839","-0.353310181640047","0.0247851242009895","-0.0319929035414051","-0.120782863677061","0.244902890907771","0.202855231509483","0.376505798347473","-0.0988750395615362","-0.372334603352876","-0.0236294176728019"
"126","TrkB","diencephalon","-0.369874351236234","-0.210514446686827","-0.00316221454032108","0.151041920712963","0.493985338816137","0.408200411278203","0.327402173577658","0.272021695806394","-0.287607053507296","-0.375376884531044","-0.378480062044154","-0.296484918211379","0.171953905779795"
"127","TrkB","midbrain","0.0712603174095348","0.0762571342474618","-0.0434642559179173","0.173585236688645","0.339285796418187","-0.00546297606160668","-0.360856647087047","-0.347498677526619","-0.171719553139809","-0.19817506844259","-0.38852243755313","-0.0669891541872483","0.442768820119985"
"128","TrkB","hindbrain","-0.478297281959787","-0.373395462905296","-0.217279547845663","-0.0490529830428467","0.298052385864265","0.542440799275609","0.796591838442974","0.688938970882108","0.104417972485404","-0.0415239983327119","-0.292167669971343","-0.39777334729457","-0.317427620900938"
"129","TuJ1","telencephalon","-0.251930001671721","-0.279700203061374","0.0744255944012971","0.497385757247275","0.654647709827197","0.355723878900501","-0.00595732830498634","-0.375778298418416","-0.351717988611338","-0.374873359912428","-0.0795983427556972","0.122653158835954","0.136269439387781"
"130","TuJ1","diencephalon","-0.0599146049338603","-0.124238386702491","-0.267446576083301","-0.435242451024552","-0.250909818365353","0.211178816613311","0.723402776620344","0.743361208830472","0.56752641672057","0.141527596504175","-0.189027778651113","-0.429126552632133","-0.361494873859981"
"131","TuJ1","midbrain","-0.0166651972216998","-0.0431472456544395","-0.0836730513647738","-0.206841013210016","-0.241534546997576","-0.178833338354709","-0.145949805617555","0.434710845922069","0.693632186024442","0.524798024776269","0.389938493225602","-0.20195701614831","-0.636186155936036"
"132","TuJ1","hindbrain","-0.0629520894608823","-0.265528803469052","-0.0725537180033415","-0.313775487975392","-0.0915108230907377","0.0378562745314145","0.411634525769351","0.614357525889511","0.732999524160332","0.132893331757822","-0.132571421673411","-0.350153686709083","-0.37565749482492"
"133","VCAM1","telencephalon","0.220254742730153","0.239151524851752","-0.0560086688122661","-0.448333713817058","-0.613379014031606","-0.51364962636283","-0.0810798790536226","0.372765150482761","0.617836347706535","0.536863442672127","0.186805065111431","-0.156840195121286","-0.289445861501148"
"134","VCAM1","diencephalon","0.271016755250214","0.392399350588484","0.333507490871518","0.0704925447542357","-0.0784237632557625","-0.598364792496705","-0.787352060588506","-0.680248905619752","-0.414252175235023","0.0441657425021573","0.254884556279968","0.382464729080477","0.477011596178701"
"135","VCAM1","midbrain","0.139717914393139","0.18882300316984","0.255463948724419","0.250903101712607","0.202364114216641","-0.205366062082444","-0.546582972206626","-0.528997001572898","-0.520372629513408","-0.409918031937789","-0.214967052329339","0.410843905168611","0.677024394853196"
"136","VCAM1","hindbrain","0.00428426654922066","0.0884860268024412","0.2537733656196","0.285616882298009","0.348743466765757","-0.0406305632649793","-0.341441137074154","-0.654678977084663","-0.630424761217558","-0.213881707004314","0.0309442991729075","0.244689829904341","0.481073984035558"
